/*
 Navicat MySQL Data Transfer

 Source Server         : localhost_3306
 Source Server Type    : MySQL
 Source Server Version : 80022
 Source Host           : localhost:3306
 Source Schema         : fx_falsework_db

 Target Server Type    : MySQL
 Target Server Version : 80022
 File Encoding         : 65001

 Date: 14/01/2021 16:38:46
*/

SET NAMES utf8;
SET FOREIGN_KEY_CHECKS = 0;

-- ----------------------------
-- Table structure for auth_client_service
-- ----------------------------
DROP TABLE IF EXISTS `auth_client_service`;
CREATE TABLE `auth_client_service`  (
  `id` int NOT NULL AUTO_INCREMENT,
  `service_id` varchar(255) CHARACTER SET utf8 COLLATE utf8_general_ci NULL DEFAULT NULL,
  `client_id` varchar(255) CHARACTER SET utf8 COLLATE utf8_general_ci NULL DEFAULT NULL,
  `description` varchar(255) CHARACTER SET utf8 COLLATE utf8_general_ci NULL DEFAULT NULL,
  `crt_time` timestamp NULL DEFAULT NULL,
  `crt_user` varchar(255) CHARACTER SET utf8 COLLATE utf8_general_ci NULL DEFAULT NULL,
  `crt_name` varchar(255) CHARACTER SET utf8 COLLATE utf8_general_ci NULL DEFAULT NULL,
  `crt_host` varchar(255) CHARACTER SET utf8 COLLATE utf8_general_ci NULL DEFAULT NULL,
  `attr1` varchar(255) CHARACTER SET utf8 COLLATE utf8_general_ci NULL DEFAULT NULL,
  `attr2` varchar(255) CHARACTER SET utf8 COLLATE utf8_general_ci NULL DEFAULT NULL,
  `attr3` varchar(255) CHARACTER SET utf8 COLLATE utf8_general_ci NULL DEFAULT NULL,
  `attr4` varchar(255) CHARACTER SET utf8 COLLATE utf8_general_ci NULL DEFAULT NULL,
  `attr5` varchar(255) CHARACTER SET utf8 COLLATE utf8_general_ci NULL DEFAULT NULL,
  `attr6` varchar(255) CHARACTER SET utf8 COLLATE utf8_general_ci NULL DEFAULT NULL,
  `attr7` varchar(255) CHARACTER SET utf8 COLLATE utf8_general_ci NULL DEFAULT NULL,
  `attr8` varchar(255) CHARACTER SET utf8 COLLATE utf8_general_ci NULL DEFAULT NULL,
  PRIMARY KEY (`id`) USING BTREE,
  UNIQUE INDEX `id_13178295930045`(`id`) USING BTREE
) ENGINE = MyISAM AUTO_INCREMENT = 20 CHARACTER SET = utf8 COLLATE = utf8_general_ci ROW_FORMAT = Dynamic;

-- ----------------------------
-- Records of auth_client_service
-- ----------------------------
INSERT INTO `auth_client_service` VALUES (1, '3', '1', NULL, NULL, NULL, NULL, NULL, NULL, NULL, NULL, NULL, NULL, NULL, NULL, NULL);
INSERT INTO `auth_client_service` VALUES (2, '2', '1', NULL, NULL, NULL, NULL, NULL, NULL, NULL, NULL, NULL, NULL, NULL, NULL, NULL);
INSERT INTO `auth_client_service` VALUES (3, '2', '3', NULL, '2017-12-31 08:58:03', 'null', 'null', 'null', NULL, NULL, NULL, NULL, NULL, NULL, NULL, NULL);
INSERT INTO `auth_client_service` VALUES (16, '1', '7', NULL, '2018-11-15 19:50:50', '9', 'admin', '127.0.0.1', NULL, NULL, NULL, NULL, NULL, NULL, NULL, NULL);
INSERT INTO `auth_client_service` VALUES (17, '2', '7', NULL, '2018-11-15 19:50:50', '9', 'admin', '127.0.0.1', NULL, NULL, NULL, NULL, NULL, NULL, NULL, NULL);
INSERT INTO `auth_client_service` VALUES (18, '3', '7', NULL, '2018-11-15 19:50:50', '9', 'admin', '127.0.0.1', NULL, NULL, NULL, NULL, NULL, NULL, NULL, NULL);
INSERT INTO `auth_client_service` VALUES (19, '7', '7', NULL, '2018-11-15 19:50:50', '9', 'admin', '127.0.0.1', NULL, NULL, NULL, NULL, NULL, NULL, NULL, NULL);

-- ----------------------------
-- Table structure for base_element
-- ----------------------------
DROP TABLE IF EXISTS `base_element`;
CREATE TABLE `base_element`  (
  `id` int NOT NULL AUTO_INCREMENT,
  `code` varchar(255) CHARACTER SET utf8 COLLATE utf8_general_ci NULL DEFAULT NULL,
  `type` varchar(255) CHARACTER SET utf8 COLLATE utf8_general_ci NULL DEFAULT NULL,
  `name` varchar(255) CHARACTER SET utf8 COLLATE utf8_general_ci NULL DEFAULT NULL,
  `uri` varchar(255) CHARACTER SET utf8 COLLATE utf8_general_ci NULL DEFAULT NULL,
  `menu_id` varchar(255) CHARACTER SET utf8 COLLATE utf8_general_ci NULL DEFAULT NULL,
  `parent_id` varchar(255) CHARACTER SET utf8 COLLATE utf8_general_ci NULL DEFAULT NULL,
  `path` varchar(2000) CHARACTER SET utf8 COLLATE utf8_general_ci NULL DEFAULT NULL,
  `method` varchar(10) CHARACTER SET utf8 COLLATE utf8_general_ci NULL DEFAULT NULL,
  `description` varchar(255) CHARACTER SET utf8 COLLATE utf8_general_ci NULL DEFAULT NULL,
  `crt_time` timestamp NULL DEFAULT NULL,
  `crt_user` varchar(255) CHARACTER SET utf8 COLLATE utf8_general_ci NULL DEFAULT NULL,
  `crt_name` varchar(255) CHARACTER SET utf8 COLLATE utf8_general_ci NULL DEFAULT NULL,
  `crt_host` varchar(255) CHARACTER SET utf8 COLLATE utf8_general_ci NULL DEFAULT NULL,
  `attr1` varchar(255) CHARACTER SET utf8 COLLATE utf8_general_ci NULL DEFAULT NULL,
  `attr2` varchar(255) CHARACTER SET utf8 COLLATE utf8_general_ci NULL DEFAULT NULL,
  `attr3` varchar(255) CHARACTER SET utf8 COLLATE utf8_general_ci NULL DEFAULT NULL,
  `attr4` varchar(255) CHARACTER SET utf8 COLLATE utf8_general_ci NULL DEFAULT NULL,
  `attr5` varchar(255) CHARACTER SET utf8 COLLATE utf8_general_ci NULL DEFAULT NULL,
  `attr6` varchar(255) CHARACTER SET utf8 COLLATE utf8_general_ci NULL DEFAULT NULL,
  `attr7` varchar(255) CHARACTER SET utf8 COLLATE utf8_general_ci NULL DEFAULT NULL,
  `attr8` varchar(255) CHARACTER SET utf8 COLLATE utf8_general_ci NULL DEFAULT NULL,
  PRIMARY KEY (`id`) USING BTREE,
  UNIQUE INDEX `id_13178345917581`(`id`) USING BTREE
) ENGINE = MyISAM AUTO_INCREMENT = 43 CHARACTER SET = utf8 COLLATE = utf8_general_ci ROW_FORMAT = Dynamic;

-- ----------------------------
-- Records of base_element
-- ----------------------------
INSERT INTO `base_element` VALUES (4, 'menuManager:element', 'uri', '按钮页面', '/admin/element', '6', NULL, NULL, 'GET', '', NULL, NULL, NULL, NULL, NULL, NULL, NULL, NULL, NULL, NULL, NULL, NULL);
INSERT INTO `base_element` VALUES (5, 'menuManager:btn_add', 'button', '新增', '/menu/{*}', '6', NULL, NULL, 'POST', '', '2020-12-03 13:25:44', '1', 'admin', '127.0.0.1', NULL, NULL, NULL, NULL, NULL, NULL, NULL, NULL);
INSERT INTO `base_element` VALUES (6, 'menuManager:btn_edit', 'button', '编辑', '/menu', '6', '', '', 'PUT', '', '2020-12-03 13:26:03', '1', 'admin', '127.0.0.1', '', '', '', '', '', '', '', '');
INSERT INTO `base_element` VALUES (7, 'menuManager:btn_del', 'button', '删除', '/menu/{*}', '6', '', '', 'DELETE', '', '2020-12-03 13:26:12', '1', 'admin', '127.0.0.1', '', '', '', '', '', '', '', '');
INSERT INTO `base_element` VALUES (8, 'menuManager:btn_element_add', 'button', '新增元素', '/element', '6', NULL, NULL, 'POST', '', '2020-12-03 13:26:26', '1', 'admin', '127.0.0.1', NULL, NULL, NULL, NULL, NULL, NULL, NULL, NULL);
INSERT INTO `base_element` VALUES (9, 'menuManager:btn_element_edit', 'button', '编辑元素', '/element', '6', NULL, NULL, 'PUT', '', '2020-12-03 13:26:37', '1', 'admin', '127.0.0.1', NULL, NULL, NULL, NULL, NULL, NULL, NULL, NULL);
INSERT INTO `base_element` VALUES (10, 'menuManager:btn_element_del', 'button', '删除元素', '/element/{*}', '6', NULL, NULL, 'DELETE', '', '2020-12-03 13:26:43', '1', 'admin', '127.0.0.1', NULL, NULL, NULL, NULL, NULL, NULL, NULL, NULL);
INSERT INTO `base_element` VALUES (12, 'groupManager:btn_edit', 'button', '编辑', '/group', '7', NULL, NULL, 'PUT', '', '2020-12-03 13:46:59', '1', 'admin', '127.0.0.1', NULL, NULL, NULL, NULL, NULL, NULL, NULL, NULL);
INSERT INTO `base_element` VALUES (14, 'groupManager:btn_userManager', 'button', '分配用户', '/group/{*}/user', '7', NULL, NULL, 'PUT', '', '2020-12-03 13:26:58', '1', 'admin', '127.0.0.1', NULL, NULL, NULL, NULL, NULL, NULL, NULL, NULL);
INSERT INTO `base_element` VALUES (15, 'groupManager:btn_resourceManager', 'button', '分配权限', '/group/{*}/authority/menu', '7', NULL, NULL, 'PUT', '', '2020-12-03 13:48:31', '1', 'admin', '127.0.0.1', NULL, NULL, NULL, NULL, NULL, NULL, NULL, NULL);
INSERT INTO `base_element` VALUES (19, 'menuManager:view', 'uri', '查看', '/admin/menu/{*}', '6', '', '', 'GET', '', '2017-06-26 00:00:00', '', '', '', '', '', '', '', '', '', '', '');
INSERT INTO `base_element` VALUES (20, 'menuManager:element_view', 'uri', '查看', '/admin/element/{*}', '6', NULL, NULL, 'GET', NULL, NULL, NULL, NULL, NULL, NULL, NULL, NULL, NULL, NULL, NULL, NULL, NULL);
INSERT INTO `base_element` VALUES (22, 'groupTypeManager:view', 'uri', '查看', '/admin/groupType/{*}', '8', NULL, NULL, 'GET', '', NULL, NULL, NULL, NULL, NULL, NULL, NULL, NULL, NULL, NULL, NULL, NULL);
INSERT INTO `base_element` VALUES (23, 'groupTypeManager:btn_add', 'button', '新增', '/groupType', '8', NULL, NULL, 'POST', NULL, '2020-12-03 13:17:51', '1', 'admin', '127.0.0.1', NULL, NULL, NULL, NULL, NULL, NULL, NULL, NULL);
INSERT INTO `base_element` VALUES (24, 'groupTypeManager:btn_edit', 'button', '编辑', '/groupType', '8', NULL, NULL, 'PUT', NULL, '2020-12-03 13:22:14', '1', 'admin', '127.0.0.1', NULL, NULL, NULL, NULL, NULL, NULL, NULL, NULL);
INSERT INTO `base_element` VALUES (25, 'groupTypeManager:btn_del', 'button', '删除', '/groupType/{*}', '8', NULL, NULL, 'DELETE', NULL, '2020-12-03 13:18:12', '1', 'admin', '127.0.0.1', NULL, NULL, NULL, NULL, NULL, NULL, NULL, NULL);
INSERT INTO `base_element` VALUES (27, 'serviceManager:view', 'URI', '查看', '/auth/service/{*}', '10', NULL, NULL, 'GET', NULL, '2017-12-26 20:17:42', '1', 'Mr.AG', '127.0.0.1', NULL, NULL, NULL, NULL, NULL, NULL, NULL, NULL);
INSERT INTO `base_element` VALUES (28, 'serviceManager:btn_add', 'button', '新增', '/auth/service', '10', NULL, NULL, 'POST', NULL, NULL, NULL, NULL, NULL, NULL, NULL, NULL, NULL, NULL, NULL, NULL, NULL);
INSERT INTO `base_element` VALUES (29, 'serviceManager:btn_edit', 'button', '编辑', '/auth/service/{*}', '10', NULL, NULL, 'PUT', NULL, NULL, NULL, NULL, NULL, NULL, NULL, NULL, NULL, NULL, NULL, NULL, NULL);
INSERT INTO `base_element` VALUES (30, 'serviceManager:btn_del', 'button', '删除', '/auth/service/{*}', '10', NULL, NULL, 'DELETE', NULL, NULL, NULL, NULL, NULL, NULL, NULL, NULL, NULL, NULL, NULL, NULL, NULL);
INSERT INTO `base_element` VALUES (31, 'serviceManager:btn_clientManager', 'button', '服务授权', '/auth/service/{*}/client', '10', NULL, NULL, 'POST', NULL, '2017-12-30 16:32:48', '1', 'Mr.AG', '127.0.0.1', NULL, NULL, NULL, NULL, NULL, NULL, NULL, NULL);
INSERT INTO `base_element` VALUES (34, 'home', 'uri', '查看', 'home/', '16', NULL, NULL, 'GET', NULL, '2018-11-08 17:50:05', '1', 'admin', '127.0.0.1', NULL, NULL, NULL, NULL, NULL, NULL, NULL, NULL);
INSERT INTO `base_element` VALUES (37, 'userManager:btn_add', 'button', '添加', '/user', '1', NULL, NULL, 'POST', '', '2020-12-03 13:23:40', '1', 'admin', '127.0.0.1', NULL, NULL, NULL, NULL, NULL, NULL, NULL, NULL);
INSERT INTO `base_element` VALUES (38, 'userManager:btn_del', 'button', '删除', '/user/{*}', '1', NULL, NULL, 'DELETE', '', '2020-12-03 13:24:35', '1', 'admin', '127.0.0.1', NULL, NULL, NULL, NULL, NULL, NULL, NULL, NULL);
INSERT INTO `base_element` VALUES (39, 'userManager:btn_edit', 'button', '修改', '/user/{*}', '1', NULL, NULL, 'PUT', '', '2020-12-03 13:35:36', '1', 'admin', '127.0.0.1', NULL, NULL, NULL, NULL, NULL, NULL, NULL, NULL);
INSERT INTO `base_element` VALUES (42, 'groupManager:btn_del', 'button', '删除', '/group', '7', NULL, NULL, 'DELETE', '', '2020-12-03 13:48:03', '1', 'admin', '127.0.0.1', NULL, NULL, NULL, NULL, NULL, NULL, NULL, NULL);
INSERT INTO `base_element` VALUES (41, 'groupManager:btn_add', 'button', '新增', '/group', '7', NULL, NULL, 'POST', '', '2020-12-03 13:47:29', '1', 'admin', '127.0.0.1', NULL, NULL, NULL, NULL, NULL, NULL, NULL, NULL);
INSERT INTO `base_element` VALUES (40, 'userManage:rest', 'button', '重置密码', '/user/password/{*}', '1', NULL, NULL, 'PUT', '', '2020-12-03 13:42:38', '1', 'admin', '127.0.0.1', NULL, NULL, NULL, NULL, NULL, NULL, NULL, NULL);

-- ----------------------------
-- Table structure for base_group
-- ----------------------------
DROP TABLE IF EXISTS `base_group`;
CREATE TABLE `base_group`  (
  `id` int NOT NULL AUTO_INCREMENT,
  `code` varchar(255) CHARACTER SET utf8 COLLATE utf8_general_ci NULL DEFAULT NULL,
  `name` varchar(255) CHARACTER SET utf8 COLLATE utf8_general_ci NULL DEFAULT NULL,
  `parent_id` int NOT NULL,
  `path` varchar(2000) CHARACTER SET utf8 COLLATE utf8_general_ci NULL DEFAULT NULL,
  `type` char(1) CHARACTER SET utf8 COLLATE utf8_general_ci NULL DEFAULT NULL,
  `group_type` int NOT NULL,
  `description` varchar(255) CHARACTER SET utf8 COLLATE utf8_general_ci NULL DEFAULT NULL,
  `crt_time` timestamp NULL DEFAULT NULL,
  `crt_user` varchar(255) CHARACTER SET utf8 COLLATE utf8_general_ci NULL DEFAULT NULL,
  `crt_name` varchar(255) CHARACTER SET utf8 COLLATE utf8_general_ci NULL DEFAULT NULL,
  `crt_host` varchar(255) CHARACTER SET utf8 COLLATE utf8_general_ci NULL DEFAULT NULL,
  `upd_time` timestamp NULL DEFAULT NULL,
  `upd_user` varchar(255) CHARACTER SET utf8 COLLATE utf8_general_ci NULL DEFAULT NULL,
  `upd_name` varchar(255) CHARACTER SET utf8 COLLATE utf8_general_ci NULL DEFAULT NULL,
  `upd_host` varchar(255) CHARACTER SET utf8 COLLATE utf8_general_ci NULL DEFAULT NULL,
  `attr1` varchar(255) CHARACTER SET utf8 COLLATE utf8_general_ci NULL DEFAULT NULL,
  `attr2` varchar(255) CHARACTER SET utf8 COLLATE utf8_general_ci NULL DEFAULT NULL,
  `attr3` varchar(255) CHARACTER SET utf8 COLLATE utf8_general_ci NULL DEFAULT NULL,
  `attr4` varchar(255) CHARACTER SET utf8 COLLATE utf8_general_ci NULL DEFAULT NULL,
  `attr5` varchar(255) CHARACTER SET utf8 COLLATE utf8_general_ci NULL DEFAULT NULL,
  `attr6` varchar(255) CHARACTER SET utf8 COLLATE utf8_general_ci NULL DEFAULT NULL,
  `attr7` varchar(255) CHARACTER SET utf8 COLLATE utf8_general_ci NULL DEFAULT NULL,
  `attr8` varchar(255) CHARACTER SET utf8 COLLATE utf8_general_ci NULL DEFAULT NULL,
  PRIMARY KEY (`id`) USING BTREE,
  UNIQUE INDEX `id_13178352287356`(`id`) USING BTREE
) ENGINE = MyISAM AUTO_INCREMENT = 11 CHARACTER SET = utf8 COLLATE = utf8_general_ci ROW_FORMAT = Dynamic;

-- ----------------------------
-- Records of base_group
-- ----------------------------
INSERT INTO `base_group` VALUES (7, 'financeDepart', '财务部', 6, '/company/financeDepart', NULL, 2, '', NULL, NULL, NULL, NULL, NULL, NULL, NULL, NULL, NULL, NULL, NULL, NULL, NULL, NULL, NULL, NULL);
INSERT INTO `base_group` VALUES (8, 'hrDepart', '人力资源部', 6, '/company/hrDepart', NULL, 2, '', NULL, NULL, NULL, NULL, NULL, NULL, NULL, NULL, NULL, NULL, NULL, NULL, NULL, NULL, NULL, NULL);
INSERT INTO `base_group` VALUES (9, 'admin', '管理员', -1, NULL, NULL, 1, '管理员', '2020-09-16 16:52:18', '1', 'admin', '127.0.0.1', '2020-09-16 16:52:18', '1', 'admin', '127.0.0.1', NULL, NULL, NULL, NULL, NULL, NULL, NULL, NULL);
INSERT INTO `base_group` VALUES (10, 'youke', '游客', -1, NULL, NULL, 1, 'aaa', '2020-10-26 16:10:37', '1', 'admin', '127.0.0.1', '2020-10-26 16:10:37', '1', 'admin', '127.0.0.1', NULL, NULL, NULL, NULL, NULL, NULL, NULL, NULL);

-- ----------------------------
-- Table structure for base_group_leader
-- ----------------------------
DROP TABLE IF EXISTS `base_group_leader`;
CREATE TABLE `base_group_leader`  (
  `id` int NOT NULL AUTO_INCREMENT,
  `group_id` int NULL DEFAULT NULL,
  `user_id` int NULL DEFAULT NULL,
  `description` varchar(255) CHARACTER SET utf8 COLLATE utf8_general_ci NULL DEFAULT NULL,
  `crt_time` timestamp NULL DEFAULT NULL,
  `crt_user` varchar(255) CHARACTER SET utf8 COLLATE utf8_general_ci NULL DEFAULT NULL,
  `crt_name` varchar(255) CHARACTER SET utf8 COLLATE utf8_general_ci NULL DEFAULT NULL,
  `crt_host` varchar(255) CHARACTER SET utf8 COLLATE utf8_general_ci NULL DEFAULT NULL,
  `upd_time` timestamp NULL DEFAULT NULL,
  `upd_user` varchar(255) CHARACTER SET utf8 COLLATE utf8_general_ci NULL DEFAULT NULL,
  `upd_name` varchar(255) CHARACTER SET utf8 COLLATE utf8_general_ci NULL DEFAULT NULL,
  `upd_host` varchar(255) CHARACTER SET utf8 COLLATE utf8_general_ci NULL DEFAULT NULL,
  `attr1` varchar(255) CHARACTER SET utf8 COLLATE utf8_general_ci NULL DEFAULT NULL,
  `attr2` varchar(255) CHARACTER SET utf8 COLLATE utf8_general_ci NULL DEFAULT NULL,
  `attr3` varchar(255) CHARACTER SET utf8 COLLATE utf8_general_ci NULL DEFAULT NULL,
  `attr4` varchar(255) CHARACTER SET utf8 COLLATE utf8_general_ci NULL DEFAULT NULL,
  `attr5` varchar(255) CHARACTER SET utf8 COLLATE utf8_general_ci NULL DEFAULT NULL,
  `attr6` varchar(255) CHARACTER SET utf8 COLLATE utf8_general_ci NULL DEFAULT NULL,
  `attr7` varchar(255) CHARACTER SET utf8 COLLATE utf8_general_ci NULL DEFAULT NULL,
  `attr8` varchar(255) CHARACTER SET utf8 COLLATE utf8_general_ci NULL DEFAULT NULL,
  PRIMARY KEY (`id`) USING BTREE,
  UNIQUE INDEX `id_13178357041319`(`id`) USING BTREE
) ENGINE = MyISAM AUTO_INCREMENT = 39 CHARACTER SET = utf8 COLLATE = utf8_general_ci ROW_FORMAT = Dynamic;

-- ----------------------------
-- Records of base_group_leader
-- ----------------------------
INSERT INTO `base_group_leader` VALUES (32, 4, 29, NULL, NULL, NULL, NULL, NULL, NULL, NULL, NULL, NULL, NULL, NULL, NULL, NULL, NULL, NULL, NULL, NULL);
INSERT INTO `base_group_leader` VALUES (35, 3, 29, NULL, NULL, NULL, NULL, NULL, NULL, NULL, NULL, NULL, NULL, NULL, NULL, NULL, NULL, NULL, NULL, NULL);
INSERT INTO `base_group_leader` VALUES (36, 1, 1, NULL, NULL, NULL, NULL, NULL, NULL, NULL, NULL, NULL, NULL, NULL, NULL, NULL, NULL, NULL, NULL, NULL);
INSERT INTO `base_group_leader` VALUES (38, 9, 1, NULL, NULL, NULL, NULL, NULL, NULL, NULL, NULL, NULL, NULL, NULL, NULL, NULL, NULL, NULL, NULL, NULL);

-- ----------------------------
-- Table structure for base_group_member
-- ----------------------------
DROP TABLE IF EXISTS `base_group_member`;
CREATE TABLE `base_group_member`  (
  `id` int NOT NULL AUTO_INCREMENT,
  `group_id` int NULL DEFAULT NULL,
  `user_id` int NULL DEFAULT NULL,
  `description` varchar(255) CHARACTER SET utf8 COLLATE utf8_general_ci NULL DEFAULT NULL,
  `crt_time` timestamp NULL DEFAULT NULL,
  `crt_user` varchar(255) CHARACTER SET utf8 COLLATE utf8_general_ci NULL DEFAULT NULL,
  `crt_name` varchar(255) CHARACTER SET utf8 COLLATE utf8_general_ci NULL DEFAULT NULL,
  `crt_host` varchar(255) CHARACTER SET utf8 COLLATE utf8_general_ci NULL DEFAULT NULL,
  `upd_time` timestamp NULL DEFAULT NULL,
  `upd_user` varchar(255) CHARACTER SET utf8 COLLATE utf8_general_ci NULL DEFAULT NULL,
  `upd_name` varchar(255) CHARACTER SET utf8 COLLATE utf8_general_ci NULL DEFAULT NULL,
  `upd_host` varchar(255) CHARACTER SET utf8 COLLATE utf8_general_ci NULL DEFAULT NULL,
  `attr1` varchar(255) CHARACTER SET utf8 COLLATE utf8_general_ci NULL DEFAULT NULL,
  `attr2` varchar(255) CHARACTER SET utf8 COLLATE utf8_general_ci NULL DEFAULT NULL,
  `attr3` varchar(255) CHARACTER SET utf8 COLLATE utf8_general_ci NULL DEFAULT NULL,
  `attr4` varchar(255) CHARACTER SET utf8 COLLATE utf8_general_ci NULL DEFAULT NULL,
  `attr5` varchar(255) CHARACTER SET utf8 COLLATE utf8_general_ci NULL DEFAULT NULL,
  `attr6` varchar(255) CHARACTER SET utf8 COLLATE utf8_general_ci NULL DEFAULT NULL,
  `attr7` varchar(255) CHARACTER SET utf8 COLLATE utf8_general_ci NULL DEFAULT NULL,
  `attr8` varchar(255) CHARACTER SET utf8 COLLATE utf8_general_ci NULL DEFAULT NULL,
  PRIMARY KEY (`id`) USING BTREE,
  UNIQUE INDEX `id_13178361150862`(`id`) USING BTREE
) ENGINE = MyISAM AUTO_INCREMENT = 63 CHARACTER SET = utf8 COLLATE = utf8_general_ci ROW_FORMAT = Dynamic;

-- ----------------------------
-- Records of base_group_member
-- ----------------------------
INSERT INTO `base_group_member` VALUES (54, 4, 29, NULL, NULL, NULL, NULL, NULL, NULL, NULL, NULL, NULL, NULL, NULL, NULL, NULL, NULL, NULL, NULL, NULL);
INSERT INTO `base_group_member` VALUES (57, 3, 29, NULL, NULL, NULL, NULL, NULL, NULL, NULL, NULL, NULL, NULL, NULL, NULL, NULL, NULL, NULL, NULL, NULL);
INSERT INTO `base_group_member` VALUES (58, 1, 1, NULL, NULL, NULL, NULL, NULL, NULL, NULL, NULL, NULL, NULL, NULL, NULL, NULL, NULL, NULL, NULL, NULL);
INSERT INTO `base_group_member` VALUES (59, 1, 4, NULL, NULL, NULL, NULL, NULL, NULL, NULL, NULL, NULL, NULL, NULL, NULL, NULL, NULL, NULL, NULL, NULL);
INSERT INTO `base_group_member` VALUES (60, 1, 29, NULL, NULL, NULL, NULL, NULL, NULL, NULL, NULL, NULL, NULL, NULL, NULL, NULL, NULL, NULL, NULL, NULL);
INSERT INTO `base_group_member` VALUES (62, 9, 1, NULL, NULL, NULL, NULL, NULL, NULL, NULL, NULL, NULL, NULL, NULL, NULL, NULL, NULL, NULL, NULL, NULL);

-- ----------------------------
-- Table structure for base_group_type
-- ----------------------------
DROP TABLE IF EXISTS `base_group_type`;
CREATE TABLE `base_group_type`  (
  `id` int NOT NULL AUTO_INCREMENT,
  `code` varchar(255) CHARACTER SET utf8 COLLATE utf8_general_ci NULL DEFAULT NULL,
  `name` varchar(255) CHARACTER SET utf8 COLLATE utf8_general_ci NULL DEFAULT NULL,
  `description` varchar(255) CHARACTER SET utf8 COLLATE utf8_general_ci NULL DEFAULT NULL,
  `crt_time` timestamp NULL DEFAULT NULL,
  `crt_user` varchar(255) CHARACTER SET utf8 COLLATE utf8_general_ci NULL DEFAULT NULL,
  `crt_name` varchar(255) CHARACTER SET utf8 COLLATE utf8_general_ci NULL DEFAULT NULL,
  `crt_host` varchar(255) CHARACTER SET utf8 COLLATE utf8_general_ci NULL DEFAULT NULL,
  `upd_time` timestamp NULL DEFAULT NULL,
  `upd_user` varchar(255) CHARACTER SET utf8 COLLATE utf8_general_ci NULL DEFAULT NULL,
  `upd_name` varchar(255) CHARACTER SET utf8 COLLATE utf8_general_ci NULL DEFAULT NULL,
  `upd_host` varchar(255) CHARACTER SET utf8 COLLATE utf8_general_ci NULL DEFAULT NULL,
  `attr1` varchar(255) CHARACTER SET utf8 COLLATE utf8_general_ci NULL DEFAULT NULL,
  `attr2` varchar(255) CHARACTER SET utf8 COLLATE utf8_general_ci NULL DEFAULT NULL,
  `attr3` varchar(255) CHARACTER SET utf8 COLLATE utf8_general_ci NULL DEFAULT NULL,
  `attr4` varchar(255) CHARACTER SET utf8 COLLATE utf8_general_ci NULL DEFAULT NULL,
  `attr5` varchar(255) CHARACTER SET utf8 COLLATE utf8_general_ci NULL DEFAULT NULL,
  `attr6` varchar(255) CHARACTER SET utf8 COLLATE utf8_general_ci NULL DEFAULT NULL,
  `attr7` varchar(255) CHARACTER SET utf8 COLLATE utf8_general_ci NULL DEFAULT NULL,
  `attr8` varchar(255) CHARACTER SET utf8 COLLATE utf8_general_ci NULL DEFAULT NULL,
  PRIMARY KEY (`id`) USING BTREE,
  UNIQUE INDEX `id_13178366074910`(`id`) USING BTREE
) ENGINE = MyISAM AUTO_INCREMENT = 14 CHARACTER SET = utf8 COLLATE = utf8_general_ci ROW_FORMAT = Dynamic;

-- ----------------------------
-- Records of base_group_type
-- ----------------------------
INSERT INTO `base_group_type` VALUES (1, 'role', '角色类型', 'role', NULL, NULL, NULL, NULL, '2017-08-25 17:52:37', '1', 'Mr.AG', '127.0.0.1', NULL, NULL, NULL, NULL, NULL, NULL, NULL, NULL);
INSERT INTO `base_group_type` VALUES (2, 'depart', '部门类型', '部门类型', NULL, NULL, NULL, NULL, '2020-08-01 19:25:34', '1', 'Mr.AG', '127.0.0.1', NULL, NULL, NULL, NULL, NULL, NULL, NULL, NULL);
INSERT INTO `base_group_type` VALUES (3, 'freeaa', '自定义类型', 'sadf', NULL, NULL, NULL, NULL, '2020-12-03 19:57:40', '1', 'admin', '127.0.0.1', NULL, NULL, NULL, NULL, NULL, NULL, NULL, NULL);

-- ----------------------------
-- Table structure for base_menu
-- ----------------------------
DROP TABLE IF EXISTS `base_menu`;
CREATE TABLE `base_menu`  (
  `id` int NOT NULL AUTO_INCREMENT,
  `code` varchar(255) CHARACTER SET utf8 COLLATE utf8_general_ci NULL DEFAULT NULL,
  `title` varchar(255) CHARACTER SET utf8 COLLATE utf8_general_ci NULL DEFAULT NULL,
  `parent_id` int NOT NULL,
  `href` varchar(255) CHARACTER SET utf8 COLLATE utf8_general_ci NULL DEFAULT NULL,
  `icon` varchar(255) CHARACTER SET utf8 COLLATE utf8_general_ci NULL DEFAULT NULL,
  `type` char(10) CHARACTER SET utf8 COLLATE utf8_general_ci NULL DEFAULT NULL,
  `order_num` int NOT NULL DEFAULT 0,
  `description` varchar(255) CHARACTER SET utf8 COLLATE utf8_general_ci NULL DEFAULT NULL,
  `path` varchar(500) CHARACTER SET utf8 COLLATE utf8_general_ci NULL DEFAULT NULL,
  `enabled` char(1) CHARACTER SET utf8 COLLATE utf8_general_ci NULL DEFAULT NULL,
  `crt_time` timestamp NULL DEFAULT NULL,
  `crt_user` varchar(255) CHARACTER SET utf8 COLLATE utf8_general_ci NULL DEFAULT NULL,
  `crt_name` varchar(255) CHARACTER SET utf8 COLLATE utf8_general_ci NULL DEFAULT NULL,
  `crt_host` varchar(255) CHARACTER SET utf8 COLLATE utf8_general_ci NULL DEFAULT NULL,
  `upd_time` timestamp NULL DEFAULT NULL,
  `upd_user` varchar(255) CHARACTER SET utf8 COLLATE utf8_general_ci NULL DEFAULT NULL,
  `upd_name` varchar(255) CHARACTER SET utf8 COLLATE utf8_general_ci NULL DEFAULT NULL,
  `upd_host` varchar(255) CHARACTER SET utf8 COLLATE utf8_general_ci NULL DEFAULT NULL,
  `attr1` varchar(255) CHARACTER SET utf8 COLLATE utf8_general_ci NULL DEFAULT NULL,
  `attr2` varchar(255) CHARACTER SET utf8 COLLATE utf8_general_ci NULL DEFAULT NULL,
  `attr3` varchar(255) CHARACTER SET utf8 COLLATE utf8_general_ci NULL DEFAULT NULL,
  `attr4` varchar(255) CHARACTER SET utf8 COLLATE utf8_general_ci NULL DEFAULT NULL,
  `attr5` varchar(255) CHARACTER SET utf8 COLLATE utf8_general_ci NULL DEFAULT NULL,
  `attr6` varchar(255) CHARACTER SET utf8 COLLATE utf8_general_ci NULL DEFAULT NULL,
  `attr7` varchar(255) CHARACTER SET utf8 COLLATE utf8_general_ci NULL DEFAULT NULL,
  `attr8` varchar(255) CHARACTER SET utf8 COLLATE utf8_general_ci NULL DEFAULT NULL,
  PRIMARY KEY (`id`) USING BTREE,
  UNIQUE INDEX `id_13178377753991`(`id`) USING BTREE
) ENGINE = MyISAM AUTO_INCREMENT = 50 CHARACTER SET = utf8 COLLATE = utf8_general_ci ROW_FORMAT = Dynamic;

-- ----------------------------
-- Records of base_menu
-- ----------------------------
INSERT INTO `base_menu` VALUES (1, 'userManager', '用户管理', 5, 'com.fx.client.gui.uicomponents.admin.user.UserManagementController', 'yonghuguanli_huaban', 'menu', 11, 'aaaa', '/adminSys/baseManager/userManager', NULL, '2020-12-03 13:43:21', '1', 'admin', '127.0.0.1', '2020-12-03 13:43:21', '1', 'admin', '127.0.0.1', 'admin/user/index', NULL, NULL, NULL, NULL, NULL, NULL, NULL);
INSERT INTO `base_menu` VALUES (5, 'baseManager', '基础配置管理', 13, '/admin', 'jichupeizhi', 'dirt', 4, '', '/adminSys/baseManager', NULL, '2021-01-14 16:29:13', '1', 'admin', '127.0.0.1', '2021-01-14 16:29:13', '1', 'admin', '127.0.0.1', 'Layout', NULL, NULL, NULL, NULL, NULL, NULL, NULL);
INSERT INTO `base_menu` VALUES (6, 'menuManager', '菜单管理', 5, 'com.fx.client.gui.uicomponents.admin.menu.MenuManagementController', 'jiaoyixulie', 'menu', 12, '你大爷', '/adminSys/baseManager/menuManager', NULL, '2020-09-18 16:53:22', '1', 'admin', '127.0.0.1', '2020-09-18 16:53:22', '1', 'admin', '127.0.0.1', 'admin/menu/index', NULL, NULL, NULL, NULL, NULL, NULL, NULL);
INSERT INTO `base_menu` VALUES (7, 'groupManager', '角色权限管理', 5, 'com.fx.client.gui.uicomponents.admin.group.GroupManagementController', 'gongnengjiaosequanxianguanli', 'menu', 13, '', '/adminSys/baseManager/groupManager', NULL, '2020-08-20 15:45:42', '1', 'admin', '127.0.0.1', '2020-08-20 15:45:42', '1', 'admin', '127.0.0.1', 'admin/group/index', NULL, NULL, NULL, NULL, NULL, NULL, NULL);
INSERT INTO `base_menu` VALUES (8, 'groupTypeManager', '角色类型管理', 5, 'com.fx.client.gui.uicomponents.admin.grouptype.GroupTypeManagementController', 'jiaoseleixing', 'menu', 14, '', '/adminSys/baseManager/groupTypeManager', NULL, '2020-08-20 15:45:49', '1', 'admin', '127.0.0.1', '2020-08-20 15:45:49', '1', 'admin', '127.0.0.1', 'admin/groupType/index', NULL, NULL, NULL, NULL, NULL, NULL, NULL);
INSERT INTO `base_menu` VALUES (13, 'adminSys', '系统菜单', -1, '/base', 'align-justify', 'dirt', 0, '', '/adminSys', NULL, '2020-08-02 18:39:35', '1', 'admin', '127.0.0.1', '2020-08-02 18:39:35', '1', 'admin', '127.0.0.1', 'Layout', NULL, NULL, NULL, NULL, NULL, NULL, NULL);
INSERT INTO `base_menu` VALUES (44, 'home', '主页', 13, 'com.fx.client.gui.uicomponents.home.HomeController', 'home-outline', NULL, 0, '', 'com.epri.fx.client.gui.uicomponents.home.HomeController', NULL, '2020-08-03 15:51:48', '1', 'admin', '127.0.0.1', '2020-08-03 15:51:48', '1', 'admin', '127.0.0.1', NULL, NULL, NULL, NULL, NULL, NULL, NULL, NULL);
INSERT INTO `base_menu` VALUES (45, 'baseInfo', '基础信息录入', 13, '', 'jichuxinxi', NULL, 1, '基础信息录入', NULL, NULL, '2020-10-14 17:20:25', '1', 'admin', '127.0.0.1', '2020-10-14 17:20:25', '1', 'admin', '127.0.0.1', NULL, NULL, NULL, NULL, NULL, NULL, NULL, NULL);
INSERT INTO `base_menu` VALUES (46, 'base', '基础参数', 45, 'com.fx.client.gui.uicomponents.basicInfo.BasicDataSetController', 'jichucanshu', NULL, 0, '', NULL, NULL, '2020-10-14 17:20:04', '1', 'admin', '127.0.0.1', '2020-10-14 17:20:04', '1', 'admin', '127.0.0.1', NULL, NULL, NULL, NULL, NULL, NULL, NULL, NULL);
INSERT INTO `base_menu` VALUES (47, '', '煤价差', 45, 'com.fx.client.gui.uicomponents.basicInfo.CoalPriceDiffController', 'Energy-', NULL, 1, '', NULL, NULL, '2020-10-14 17:19:47', '1', 'admin', '127.0.0.1', '2020-10-14 17:19:47', '1', 'admin', '127.0.0.1', NULL, NULL, NULL, NULL, NULL, NULL, NULL, NULL);
INSERT INTO `base_menu` VALUES (48, '', '铁路成本', 45, 'com.fx.client.gui.uicomponents.basicInfo.RailwayCostController', 'tieluyunshu', NULL, 2, '', NULL, NULL, '2020-10-14 17:20:41', '1', 'admin', '127.0.0.1', '2020-10-14 17:20:41', '1', 'admin', '127.0.0.1', NULL, NULL, NULL, NULL, NULL, NULL, NULL, NULL);
INSERT INTO `base_menu` VALUES (49, '', '现行运价', 45, 'com.fx.client.gui.uicomponents.basicInfo.CurrentFreightController', 'hangzheng', NULL, 3, '', NULL, NULL, '2020-10-14 17:21:09', '1', 'admin', '127.0.0.1', '2020-10-14 17:21:09', '1', 'admin', '127.0.0.1', NULL, NULL, NULL, NULL, NULL, NULL, NULL, NULL);
INSERT INTO `base_menu` VALUES (50, 'Systemmonitoring', '系统监控', 13, '', 'jiankong', NULL, 2, '', NULL, NULL, '2021-01-14 16:29:04', '1', 'admin', '127.0.0.1', '2021-01-14 16:29:04', '1', 'admin', '127.0.0.1', NULL, NULL, NULL, NULL, NULL, NULL, NULL, NULL);
INSERT INTO `base_menu` VALUES (51, 'log', '日志管理', 13, '', 'rizhiguanli', NULL, 3, '', NULL, NULL, '2021-01-14 16:29:09', '1', 'admin', '127.0.0.1', '2021-01-14 16:29:09', '1', 'admin', '127.0.0.1', NULL, NULL, NULL, NULL, NULL, NULL, NULL, NULL);
INSERT INTO `base_menu` VALUES (52, 'online_user', '在线用户', 50, 'com.fx.client.gui.uicomponents.monitor.onlineuser.OnlineUserController', 'ic_user_zx', NULL, 0, '', NULL, NULL, '2021-01-14 16:29:57', '1', 'admin', '127.0.0.1', '2021-01-14 16:29:57', '1', 'admin', '127.0.0.1', NULL, NULL, NULL, NULL, NULL, NULL, NULL, NULL);
INSERT INTO `base_menu` VALUES (53, 'job', '定时任务', 50, 'com.fx.client.gui.uicomponents.monitor.quartz.SysJobController', 'time', NULL, 1, '', NULL, NULL, '2021-01-14 16:30:45', '1', 'admin', '127.0.0.1', '2021-01-14 16:30:45', '1', 'admin', '127.0.0.1', NULL, NULL, NULL, NULL, NULL, NULL, NULL, NULL);
INSERT INTO `base_menu` VALUES (54, 'login_log', '登录日志', 51, 'com.fx.client.gui.uicomponents.admin.logManagement.LoginLogController', 'denglurizhi', NULL, 1, '', NULL, NULL, '2021-01-14 16:31:29', '1', 'admin', '127.0.0.1', '2021-01-14 16:31:29', '1', 'admin', '127.0.0.1', NULL, NULL, NULL, NULL, NULL, NULL, NULL, NULL);
INSERT INTO `base_menu` VALUES (55, 'opt_log', '操作日志', 51, 'com.fx.client.gui.uicomponents.admin.logManagement.OperationLogController', 'caozuorizhi', NULL, 0, '', NULL, NULL, '2021-01-14 16:32:07', '1', 'admin', '127.0.0.1', '2021-01-14 16:32:07', '1', 'admin', '127.0.0.1', NULL, NULL, NULL, NULL, NULL, NULL, NULL, NULL);

-- ----------------------------
-- Table structure for base_resource_authority
-- ----------------------------
DROP TABLE IF EXISTS `base_resource_authority`;
CREATE TABLE `base_resource_authority`  (
  `id` int NOT NULL AUTO_INCREMENT,
  `authority_id` varchar(255) CHARACTER SET utf8 COLLATE utf8_general_ci NULL DEFAULT NULL,
  `authority_type` varchar(255) CHARACTER SET utf8 COLLATE utf8_general_ci NULL DEFAULT NULL,
  `resource_id` varchar(255) CHARACTER SET utf8 COLLATE utf8_general_ci NULL DEFAULT NULL,
  `resource_type` varchar(255) CHARACTER SET utf8 COLLATE utf8_general_ci NULL DEFAULT NULL,
  `parent_id` varchar(255) CHARACTER SET utf8 COLLATE utf8_general_ci NULL DEFAULT NULL,
  `path` varchar(2000) CHARACTER SET utf8 COLLATE utf8_general_ci NULL DEFAULT NULL,
  `description` varchar(255) CHARACTER SET utf8 COLLATE utf8_general_ci NULL DEFAULT NULL,
  `crt_time` timestamp NULL DEFAULT NULL,
  `crt_user` varchar(255) CHARACTER SET utf8 COLLATE utf8_general_ci NULL DEFAULT NULL,
  `crt_name` varchar(255) CHARACTER SET utf8 COLLATE utf8_general_ci NULL DEFAULT NULL,
  `crt_host` varchar(255) CHARACTER SET utf8 COLLATE utf8_general_ci NULL DEFAULT NULL,
  `attr1` varchar(255) CHARACTER SET utf8 COLLATE utf8_general_ci NULL DEFAULT NULL,
  `attr2` varchar(255) CHARACTER SET utf8 COLLATE utf8_general_ci NULL DEFAULT NULL,
  `attr3` varchar(255) CHARACTER SET utf8 COLLATE utf8_general_ci NULL DEFAULT NULL,
  `attr4` varchar(255) CHARACTER SET utf8 COLLATE utf8_general_ci NULL DEFAULT NULL,
  `attr5` varchar(255) CHARACTER SET utf8 COLLATE utf8_general_ci NULL DEFAULT NULL,
  `attr6` varchar(255) CHARACTER SET utf8 COLLATE utf8_general_ci NULL DEFAULT NULL,
  `attr7` varchar(255) CHARACTER SET utf8 COLLATE utf8_general_ci NULL DEFAULT NULL,
  `attr8` varchar(255) CHARACTER SET utf8 COLLATE utf8_general_ci NULL DEFAULT NULL,
  PRIMARY KEY (`id`) USING BTREE,
  UNIQUE INDEX `id_13178383042404`(`id`) USING BTREE
) ENGINE = MyISAM AUTO_INCREMENT = 2516 CHARACTER SET = utf8 COLLATE = utf8_general_ci ROW_FORMAT = Dynamic;

-- ----------------------------
-- Records of base_resource_authority
-- ----------------------------
INSERT INTO `base_resource_authority` VALUES (2165, '1', 'group', '1', 'menu', '-1', NULL, NULL, NULL, NULL, NULL, NULL, NULL, NULL, NULL, NULL, NULL, NULL, NULL, NULL);
INSERT INTO `base_resource_authority` VALUES (2166, '1', 'group', '5', 'menu', '-1', NULL, NULL, NULL, NULL, NULL, NULL, NULL, NULL, NULL, NULL, NULL, NULL, NULL, NULL);
INSERT INTO `base_resource_authority` VALUES (2167, '1', 'group', '4', 'button', '-1', NULL, NULL, NULL, NULL, NULL, NULL, NULL, NULL, NULL, NULL, NULL, NULL, NULL, NULL);
INSERT INTO `base_resource_authority` VALUES (2168, '1', 'group', '5', 'button', '-1', NULL, NULL, NULL, NULL, NULL, NULL, NULL, NULL, NULL, NULL, NULL, NULL, NULL, NULL);
INSERT INTO `base_resource_authority` VALUES (2169, '1', 'group', '6', 'button', '-1', NULL, NULL, NULL, NULL, NULL, NULL, NULL, NULL, NULL, NULL, NULL, NULL, NULL, NULL);
INSERT INTO `base_resource_authority` VALUES (2170, '1', 'group', '7', 'button', '-1', NULL, NULL, NULL, NULL, NULL, NULL, NULL, NULL, NULL, NULL, NULL, NULL, NULL, NULL);
INSERT INTO `base_resource_authority` VALUES (2171, '1', 'group', '8', 'button', '-1', NULL, NULL, NULL, NULL, NULL, NULL, NULL, NULL, NULL, NULL, NULL, NULL, NULL, NULL);
INSERT INTO `base_resource_authority` VALUES (2172, '1', 'group', '9', 'button', '-1', NULL, NULL, NULL, NULL, NULL, NULL, NULL, NULL, NULL, NULL, NULL, NULL, NULL, NULL);
INSERT INTO `base_resource_authority` VALUES (2173, '1', 'group', '10', 'button', '-1', NULL, NULL, NULL, NULL, NULL, NULL, NULL, NULL, NULL, NULL, NULL, NULL, NULL, NULL);
INSERT INTO `base_resource_authority` VALUES (2174, '1', 'group', '19', 'button', '-1', NULL, NULL, NULL, NULL, NULL, NULL, NULL, NULL, NULL, NULL, NULL, NULL, NULL, NULL);
INSERT INTO `base_resource_authority` VALUES (2175, '1', 'group', '20', 'button', '-1', NULL, NULL, NULL, NULL, NULL, NULL, NULL, NULL, NULL, NULL, NULL, NULL, NULL, NULL);
INSERT INTO `base_resource_authority` VALUES (2176, '1', 'group', '6', 'menu', '-1', NULL, NULL, NULL, NULL, NULL, NULL, NULL, NULL, NULL, NULL, NULL, NULL, NULL, NULL);
INSERT INTO `base_resource_authority` VALUES (2177, '1', 'group', '11', 'button', '-1', NULL, NULL, NULL, NULL, NULL, NULL, NULL, NULL, NULL, NULL, NULL, NULL, NULL, NULL);
INSERT INTO `base_resource_authority` VALUES (2178, '1', 'group', '12', 'button', '-1', NULL, NULL, NULL, NULL, NULL, NULL, NULL, NULL, NULL, NULL, NULL, NULL, NULL, NULL);
INSERT INTO `base_resource_authority` VALUES (2179, '1', 'group', '13', 'button', '-1', NULL, NULL, NULL, NULL, NULL, NULL, NULL, NULL, NULL, NULL, NULL, NULL, NULL, NULL);
INSERT INTO `base_resource_authority` VALUES (2180, '1', 'group', '14', 'button', '-1', NULL, NULL, NULL, NULL, NULL, NULL, NULL, NULL, NULL, NULL, NULL, NULL, NULL, NULL);
INSERT INTO `base_resource_authority` VALUES (2181, '1', 'group', '15', 'button', '-1', NULL, NULL, NULL, NULL, NULL, NULL, NULL, NULL, NULL, NULL, NULL, NULL, NULL, NULL);
INSERT INTO `base_resource_authority` VALUES (2182, '1', 'group', '16', 'button', '-1', NULL, NULL, NULL, NULL, NULL, NULL, NULL, NULL, NULL, NULL, NULL, NULL, NULL, NULL);
INSERT INTO `base_resource_authority` VALUES (2183, '1', 'group', '17', 'button', '-1', NULL, NULL, NULL, NULL, NULL, NULL, NULL, NULL, NULL, NULL, NULL, NULL, NULL, NULL);
INSERT INTO `base_resource_authority` VALUES (2184, '1', 'group', '21', 'button', '-1', NULL, NULL, NULL, NULL, NULL, NULL, NULL, NULL, NULL, NULL, NULL, NULL, NULL, NULL);
INSERT INTO `base_resource_authority` VALUES (2185, '1', 'group', '26', 'button', '-1', NULL, NULL, NULL, NULL, NULL, NULL, NULL, NULL, NULL, NULL, NULL, NULL, NULL, NULL);
INSERT INTO `base_resource_authority` VALUES (2186, '1', 'group', '7', 'menu', '-1', NULL, NULL, NULL, NULL, NULL, NULL, NULL, NULL, NULL, NULL, NULL, NULL, NULL, NULL);
INSERT INTO `base_resource_authority` VALUES (2187, '1', 'group', '22', 'button', '-1', NULL, NULL, NULL, NULL, NULL, NULL, NULL, NULL, NULL, NULL, NULL, NULL, NULL, NULL);
INSERT INTO `base_resource_authority` VALUES (2188, '1', 'group', '23', 'button', '-1', NULL, NULL, NULL, NULL, NULL, NULL, NULL, NULL, NULL, NULL, NULL, NULL, NULL, NULL);
INSERT INTO `base_resource_authority` VALUES (2189, '1', 'group', '24', 'button', '-1', NULL, NULL, NULL, NULL, NULL, NULL, NULL, NULL, NULL, NULL, NULL, NULL, NULL, NULL);
INSERT INTO `base_resource_authority` VALUES (2190, '1', 'group', '25', 'button', '-1', NULL, NULL, NULL, NULL, NULL, NULL, NULL, NULL, NULL, NULL, NULL, NULL, NULL, NULL);
INSERT INTO `base_resource_authority` VALUES (2191, '1', 'group', '8', 'menu', '-1', NULL, NULL, NULL, NULL, NULL, NULL, NULL, NULL, NULL, NULL, NULL, NULL, NULL, NULL);
INSERT INTO `base_resource_authority` VALUES (2193, '1', 'group', '44', 'menu', '-1', NULL, NULL, NULL, NULL, NULL, NULL, NULL, NULL, NULL, NULL, NULL, NULL, NULL, NULL);
INSERT INTO `base_resource_authority` VALUES (2545, '9', 'group', '45', 'menu', '-1', NULL, NULL, NULL, NULL, NULL, NULL, NULL, NULL, NULL, NULL, NULL, NULL, NULL, NULL);
INSERT INTO `base_resource_authority` VALUES (2544, '9', 'group', '44', 'menu', '-1', NULL, NULL, NULL, NULL, NULL, NULL, NULL, NULL, NULL, NULL, NULL, NULL, NULL, NULL);
INSERT INTO `base_resource_authority` VALUES (2542, '9', 'group', '8', 'menu', '-1', NULL, NULL, NULL, NULL, NULL, NULL, NULL, NULL, NULL, NULL, NULL, NULL, NULL, NULL);
INSERT INTO `base_resource_authority` VALUES (2541, '9', 'group', '25', 'button', '-1', NULL, NULL, NULL, NULL, NULL, NULL, NULL, NULL, NULL, NULL, NULL, NULL, NULL, NULL);
INSERT INTO `base_resource_authority` VALUES (2540, '9', 'group', '24', 'button', '-1', NULL, NULL, NULL, NULL, NULL, NULL, NULL, NULL, NULL, NULL, NULL, NULL, NULL, NULL);
INSERT INTO `base_resource_authority` VALUES (2539, '9', 'group', '23', 'button', '-1', NULL, NULL, NULL, NULL, NULL, NULL, NULL, NULL, NULL, NULL, NULL, NULL, NULL, NULL);
INSERT INTO `base_resource_authority` VALUES (2538, '9', 'group', '22', 'button', '-1', NULL, NULL, NULL, NULL, NULL, NULL, NULL, NULL, NULL, NULL, NULL, NULL, NULL, NULL);
INSERT INTO `base_resource_authority` VALUES (2537, '9', 'group', '7', 'menu', '-1', NULL, NULL, NULL, NULL, NULL, NULL, NULL, NULL, NULL, NULL, NULL, NULL, NULL, NULL);
INSERT INTO `base_resource_authority` VALUES (2536, '9', 'group', '41', 'button', '-1', NULL, NULL, NULL, NULL, NULL, NULL, NULL, NULL, NULL, NULL, NULL, NULL, NULL, NULL);
INSERT INTO `base_resource_authority` VALUES (2535, '9', 'group', '42', 'button', '-1', NULL, NULL, NULL, NULL, NULL, NULL, NULL, NULL, NULL, NULL, NULL, NULL, NULL, NULL);
INSERT INTO `base_resource_authority` VALUES (2534, '9', 'group', '15', 'button', '-1', NULL, NULL, NULL, NULL, NULL, NULL, NULL, NULL, NULL, NULL, NULL, NULL, NULL, NULL);
INSERT INTO `base_resource_authority` VALUES (2533, '9', 'group', '14', 'button', '-1', NULL, NULL, NULL, NULL, NULL, NULL, NULL, NULL, NULL, NULL, NULL, NULL, NULL, NULL);
INSERT INTO `base_resource_authority` VALUES (2532, '9', 'group', '12', 'button', '-1', NULL, NULL, NULL, NULL, NULL, NULL, NULL, NULL, NULL, NULL, NULL, NULL, NULL, NULL);
INSERT INTO `base_resource_authority` VALUES (2531, '9', 'group', '6', 'menu', '-1', NULL, NULL, NULL, NULL, NULL, NULL, NULL, NULL, NULL, NULL, NULL, NULL, NULL, NULL);
INSERT INTO `base_resource_authority` VALUES (2530, '9', 'group', '20', 'button', '-1', NULL, NULL, NULL, NULL, NULL, NULL, NULL, NULL, NULL, NULL, NULL, NULL, NULL, NULL);
INSERT INTO `base_resource_authority` VALUES (2529, '9', 'group', '19', 'button', '-1', NULL, NULL, NULL, NULL, NULL, NULL, NULL, NULL, NULL, NULL, NULL, NULL, NULL, NULL);
INSERT INTO `base_resource_authority` VALUES (2528, '9', 'group', '10', 'button', '-1', NULL, NULL, NULL, NULL, NULL, NULL, NULL, NULL, NULL, NULL, NULL, NULL, NULL, NULL);
INSERT INTO `base_resource_authority` VALUES (2527, '9', 'group', '9', 'button', '-1', NULL, NULL, NULL, NULL, NULL, NULL, NULL, NULL, NULL, NULL, NULL, NULL, NULL, NULL);
INSERT INTO `base_resource_authority` VALUES (2526, '9', 'group', '8', 'button', '-1', NULL, NULL, NULL, NULL, NULL, NULL, NULL, NULL, NULL, NULL, NULL, NULL, NULL, NULL);
INSERT INTO `base_resource_authority` VALUES (2525, '9', 'group', '7', 'button', '-1', NULL, NULL, NULL, NULL, NULL, NULL, NULL, NULL, NULL, NULL, NULL, NULL, NULL, NULL);
INSERT INTO `base_resource_authority` VALUES (2524, '9', 'group', '6', 'button', '-1', NULL, NULL, NULL, NULL, NULL, NULL, NULL, NULL, NULL, NULL, NULL, NULL, NULL, NULL);
INSERT INTO `base_resource_authority` VALUES (2523, '9', 'group', '5', 'button', '-1', NULL, NULL, NULL, NULL, NULL, NULL, NULL, NULL, NULL, NULL, NULL, NULL, NULL, NULL);
INSERT INTO `base_resource_authority` VALUES (2522, '9', 'group', '4', 'button', '-1', NULL, NULL, NULL, NULL, NULL, NULL, NULL, NULL, NULL, NULL, NULL, NULL, NULL, NULL);
INSERT INTO `base_resource_authority` VALUES (2521, '9', 'group', '5', 'menu', '-1', NULL, NULL, NULL, NULL, NULL, NULL, NULL, NULL, NULL, NULL, NULL, NULL, NULL, NULL);
INSERT INTO `base_resource_authority` VALUES (2520, '9', 'group', '1', 'menu', '-1', NULL, NULL, NULL, NULL, NULL, NULL, NULL, NULL, NULL, NULL, NULL, NULL, NULL, NULL);
INSERT INTO `base_resource_authority` VALUES (2519, '9', 'group', '40', 'button', '-1', NULL, NULL, NULL, NULL, NULL, NULL, NULL, NULL, NULL, NULL, NULL, NULL, NULL, NULL);
INSERT INTO `base_resource_authority` VALUES (2518, '9', 'group', '39', 'button', '-1', NULL, NULL, NULL, NULL, NULL, NULL, NULL, NULL, NULL, NULL, NULL, NULL, NULL, NULL);
INSERT INTO `base_resource_authority` VALUES (2517, '9', 'group', '38', 'button', '-1', NULL, NULL, NULL, NULL, NULL, NULL, NULL, NULL, NULL, NULL, NULL, NULL, NULL, NULL);
INSERT INTO `base_resource_authority` VALUES (2516, '9', 'group', '37', 'button', '-1', NULL, NULL, NULL, NULL, NULL, NULL, NULL, NULL, NULL, NULL, NULL, NULL, NULL, NULL);
INSERT INTO `base_resource_authority` VALUES (2546, '9', 'group', '46', 'menu', '-1', NULL, NULL, NULL, NULL, NULL, NULL, NULL, NULL, NULL, NULL, NULL, NULL, NULL, NULL);
INSERT INTO `base_resource_authority` VALUES (2547, '9', 'group', '47', 'menu', '-1', NULL, NULL, NULL, NULL, NULL, NULL, NULL, NULL, NULL, NULL, NULL, NULL, NULL, NULL);
INSERT INTO `base_resource_authority` VALUES (2548, '9', 'group', '48', 'menu', '-1', NULL, NULL, NULL, NULL, NULL, NULL, NULL, NULL, NULL, NULL, NULL, NULL, NULL, NULL);
INSERT INTO `base_resource_authority` VALUES (2549, '9', 'group', '49', 'menu', '-1', NULL, NULL, NULL, NULL, NULL, NULL, NULL, NULL, NULL, NULL, NULL, NULL, NULL, NULL);
INSERT INTO `base_resource_authority` VALUES (2550, '9', 'group', '50', 'menu', '-1', NULL, NULL, NULL, NULL, NULL, NULL, NULL, NULL, NULL, NULL, NULL, NULL, NULL, NULL);
INSERT INTO `base_resource_authority` VALUES (2551, '9', 'group', '51', 'menu', '-1', NULL, NULL, NULL, NULL, NULL, NULL, NULL, NULL, NULL, NULL, NULL, NULL, NULL, NULL);
INSERT INTO `base_resource_authority` VALUES (2552, '9', 'group', '52', 'menu', '-1', NULL, NULL, NULL, NULL, NULL, NULL, NULL, NULL, NULL, NULL, NULL, NULL, NULL, NULL);
INSERT INTO `base_resource_authority` VALUES (2553, '9', 'group', '53', 'menu', '-1', NULL, NULL, NULL, NULL, NULL, NULL, NULL, NULL, NULL, NULL, NULL, NULL, NULL, NULL);
INSERT INTO `base_resource_authority` VALUES (2554, '9', 'group', '54', 'menu', '-1', NULL, NULL, NULL, NULL, NULL, NULL, NULL, NULL, NULL, NULL, NULL, NULL, NULL, NULL);
INSERT INTO `base_resource_authority` VALUES (2555, '9', 'group', '55', 'menu', '-1', NULL, NULL, NULL, NULL, NULL, NULL, NULL, NULL, NULL, NULL, NULL, NULL, NULL, NULL);

-- ----------------------------
-- Table structure for base_rsa_key
-- ----------------------------
DROP TABLE IF EXISTS `base_rsa_key`;
CREATE TABLE `base_rsa_key`  (
  `rsa_key` varchar(200) CHARACTER SET utf8 COLLATE utf8_general_ci NOT NULL,
  `key_value` varchar(2000) CHARACTER SET utf8 COLLATE utf8_general_ci NOT NULL,
  PRIMARY KEY (`rsa_key`) USING BTREE
) ENGINE = MyISAM AUTO_INCREMENT = 1 CHARACTER SET = utf8 COLLATE = utf8_general_ci ROW_FORMAT = Dynamic;

-- ----------------------------
-- Records of base_rsa_key
-- ----------------------------
INSERT INTO `base_rsa_key` VALUES ('IPSM:AUTH:JWT:PRI', 'MIICdQIBADANBgkqhkiG9w0BAQEFAASCAl8wggJbAgEAAoGBAIaPvusxk+x8KcVONjFUo+ursfLx\nSwOIvci5q0xPa+nUm3C0uu3jX1RQP+s3hWqCb7KgR67HDcZUS8bn2pNzJJWJ352lrpVrb1wftOot\nmrWPhnrdr9sdcgE2pLV8HAy18pq+agXmjWnkf+T558zo5k3I8VBVcTfzsL6HLc5mFt/dAgMBAAEC\ngYAYkZpsWwsFPM5rphIjA69CUoEVOJVXudndEnmCX2X2tckD1RvkX4WCYXyqN+L2RYabeMRd1x5e\nvflwAdlY3sco+otA0Ld9vP9yadlbfjuxzA8XyuvomaZPeJjMxL3dZnEvy29SMkNx3358ILp3BwGg\ne16GYPNZAjbB9fF+9YcggQJBAMs67m65cu2/h9Fe8+kevU32VVF6WZ3+506tYJFmsEbNILp+HFMK\nyp/OXX5DIMJIVA5f9ZYzG9GIgyaNMaKaFlECQQCpgEkflrwhwMkyOqJ0bJDB6GDk6iql2onR4bzF\n2sExbwYh5FjKdSQay+UIvrxLDvJOHyiySKL3rHxQggrgtbHNAkBVfQSvLvNZbygCup5/gZ7AHM7m\n50CrZX6HagclIr0kC0WpLUNc6z0w2+4YHsS49RPmuBbmh7k7+uCwZtRqQccBAkAeFunkM6v+Ce0t\nf38rT8J6ybe5q2AaxSrGGV6bePPmxKDAD3s7pYPdRejInqNqZ6LX/2wICiDz+qiu2gb4UQjZAkAx\nRtRw7QzNu/5aLnU5pxdD33lE+fubQSkq17y3JfeLO2/HsIl0BnKUQGg4TaKpYOaEoHZpgyd2pwlm\nUuNuRalU\n');
INSERT INTO `base_rsa_key` VALUES ('IPSM:AUTH:JWT:PUB', 'MIGfMA0GCSqGSIb3DQEBAQUAA4GNADCBiQKBgQCGj77rMZPsfCnFTjYxVKPrq7Hy8UsDiL3IuatM\nT2vp1JtwtLrt419UUD/rN4Vqgm+yoEeuxw3GVEvG59qTcySVid+dpa6Va29cH7TqLZq1j4Z63a/b\nHXIBNqS1fBwMtfKavmoF5o1p5H/k+efM6OZNyPFQVXE387C+hy3OZhbf3QIDAQAB\n');

-- ----------------------------
-- Table structure for base_user
-- ----------------------------
DROP TABLE IF EXISTS `base_user`;
CREATE TABLE `base_user`  (
  `id` int NOT NULL AUTO_INCREMENT,
  `username` varchar(255) CHARACTER SET utf8 COLLATE utf8_general_ci NULL DEFAULT NULL,
  `password` varchar(255) CHARACTER SET utf8 COLLATE utf8_general_ci NULL DEFAULT NULL,
  `name` varchar(255) CHARACTER SET utf8 COLLATE utf8_general_ci NULL DEFAULT NULL,
  `birthday` varchar(255) CHARACTER SET utf8 COLLATE utf8_general_ci NULL DEFAULT NULL,
  `address` varchar(255) CHARACTER SET utf8 COLLATE utf8_general_ci NULL DEFAULT NULL,
  `mobile_phone` varchar(255) CHARACTER SET utf8 COLLATE utf8_general_ci NULL DEFAULT NULL,
  `tel_phone` varchar(255) CHARACTER SET utf8 COLLATE utf8_general_ci NULL DEFAULT NULL,
  `email` varchar(255) CHARACTER SET utf8 COLLATE utf8_general_ci NULL DEFAULT NULL,
  `sex` char(1) CHARACTER SET utf8 COLLATE utf8_general_ci NULL DEFAULT NULL,
  `type` char(1) CHARACTER SET utf8 COLLATE utf8_general_ci NULL DEFAULT NULL,
  `status` char(1) CHARACTER SET utf8 COLLATE utf8_general_ci NULL DEFAULT NULL,
  `description` varchar(255) CHARACTER SET utf8 COLLATE utf8_general_ci NULL DEFAULT NULL,
  `crt_time` datetime NULL DEFAULT NULL,
  `crt_user` varchar(255) CHARACTER SET utf8 COLLATE utf8_general_ci NULL DEFAULT NULL,
  `crt_name` varchar(255) CHARACTER SET utf8 COLLATE utf8_general_ci NULL DEFAULT NULL,
  `crt_host` varchar(255) CHARACTER SET utf8 COLLATE utf8_general_ci NULL DEFAULT NULL,
  `upd_time` datetime NULL DEFAULT NULL,
  `upd_user` varchar(255) CHARACTER SET utf8 COLLATE utf8_general_ci NULL DEFAULT NULL,
  `upd_name` varchar(255) CHARACTER SET utf8 COLLATE utf8_general_ci NULL DEFAULT NULL,
  `upd_host` varchar(255) CHARACTER SET utf8 COLLATE utf8_general_ci NULL DEFAULT NULL,
  `attr1` varchar(255) CHARACTER SET utf8 COLLATE utf8_general_ci NULL DEFAULT NULL,
  `attr2` varchar(255) CHARACTER SET utf8 COLLATE utf8_general_ci NULL DEFAULT NULL,
  `attr3` varchar(255) CHARACTER SET utf8 COLLATE utf8_general_ci NULL DEFAULT NULL,
  `attr4` varchar(255) CHARACTER SET utf8 COLLATE utf8_general_ci NULL DEFAULT NULL,
  `attr5` varchar(255) CHARACTER SET utf8 COLLATE utf8_general_ci NULL DEFAULT NULL,
  `attr6` varchar(255) CHARACTER SET utf8 COLLATE utf8_general_ci NULL DEFAULT NULL,
  `attr7` varchar(255) CHARACTER SET utf8 COLLATE utf8_general_ci NULL DEFAULT NULL,
  `attr8` varchar(255) CHARACTER SET utf8 COLLATE utf8_general_ci NULL DEFAULT NULL,
  PRIMARY KEY (`id`) USING BTREE
) ENGINE = InnoDB AUTO_INCREMENT = 32 CHARACTER SET = utf8 COLLATE = utf8_general_ci ROW_FORMAT = Dynamic;

-- ----------------------------
-- Records of base_user
-- ----------------------------
INSERT INTO `base_user` VALUES (1, 'admin', '$2a$12$/Xa6YcdVm387zA.EE/6xce11UX.AZBiwerBztXLAVBMhVKQ/pZfNW', 'liwen', '', NULL, '', NULL, '', '男', NULL, NULL, '', '2020-12-03 17:19:07', '1', 'admin', '127.0.0.1', '2020-12-03 17:19:07', '1', 'admin', '127.0.0.1', NULL, NULL, NULL, NULL, NULL, NULL, NULL, NULL);
INSERT INTO `base_user` VALUES (4, 'blog', '$2a$12$qWkIM1ZwBhzfs6eHgu6yFOeZB0Rtklt/MlzTg/YkagS19k8EmeV2C', 'Mr.Liwen(博主)', '', NULL, '', NULL, '', '女', NULL, NULL, '12', '2020-12-03 19:56:04', '1', 'admin', '127.0.0.1', '2020-12-03 19:56:36', '1', 'admin', '127.0.0.1', NULL, NULL, NULL, NULL, NULL, NULL, NULL, NULL);
INSERT INTO `base_user` VALUES (30, 'liwen', '$2a$12$TsY.B4VLwtuIfGSTIpWjHu3tiuwjmVoFoqYTbJv7f/193kdCCRIXO', 'liwen', NULL, NULL, NULL, NULL, NULL, '男', NULL, NULL, 'admin', '2020-11-25 02:37:33', '1', 'admin', '127.0.0.1', '2020-12-03 13:42:11', '1', 'admin', '127.0.0.1', NULL, NULL, NULL, NULL, NULL, NULL, NULL, NULL);

-- ----------------------------
-- Table structure for gate_log
-- ----------------------------
DROP TABLE IF EXISTS `gate_log`;
CREATE TABLE `gate_log`  (
  `id` int NOT NULL AUTO_INCREMENT,
  `menu` varchar(255) CHARACTER SET utf8 COLLATE utf8_general_ci NULL DEFAULT NULL,
  `opt` varchar(255) CHARACTER SET utf8 COLLATE utf8_general_ci NULL DEFAULT NULL,
  `uri` varchar(255) CHARACTER SET utf8 COLLATE utf8_general_ci NULL DEFAULT NULL,
  `crt_time` timestamp NULL DEFAULT NULL,
  `crt_user` varchar(255) CHARACTER SET utf8 COLLATE utf8_general_ci NULL DEFAULT NULL,
  `crt_name` varchar(255) CHARACTER SET utf8 COLLATE utf8_general_ci NULL DEFAULT NULL,
  `crt_host` varchar(255) CHARACTER SET utf8 COLLATE utf8_general_ci NULL DEFAULT NULL,
  `body` text CHARACTER SET utf8 COLLATE utf8_general_ci NULL,
  PRIMARY KEY (`id`) USING BTREE,
  UNIQUE INDEX `id_13178398875749`(`id`) USING BTREE
) ENGINE = MyISAM AUTO_INCREMENT = 107 CHARACTER SET = utf8 COLLATE = utf8_general_ci ROW_FORMAT = Dynamic;

-- ----------------------------
-- Records of gate_log
-- ----------------------------

-- ----------------------------
-- Table structure for qrtz_blob_triggers
-- ----------------------------
DROP TABLE IF EXISTS `qrtz_blob_triggers`;
CREATE TABLE `qrtz_blob_triggers`  (
  `SCHED_NAME` varchar(120) CHARACTER SET utf8 COLLATE utf8_general_ci NOT NULL,
  `TRIGGER_NAME` varchar(190) CHARACTER SET utf8 COLLATE utf8_general_ci NOT NULL,
  `TRIGGER_GROUP` varchar(190) CHARACTER SET utf8 COLLATE utf8_general_ci NOT NULL,
  `BLOB_DATA` blob NULL,
  PRIMARY KEY (`SCHED_NAME`, `TRIGGER_NAME`, `TRIGGER_GROUP`) USING BTREE,
  INDEX `SCHED_NAME`(`SCHED_NAME`, `TRIGGER_NAME`, `TRIGGER_GROUP`) USING BTREE,
  CONSTRAINT `qrtz_blob_triggers_ibfk_1` FOREIGN KEY (`SCHED_NAME`, `TRIGGER_NAME`, `TRIGGER_GROUP`) REFERENCES `qrtz_triggers` (`SCHED_NAME`, `TRIGGER_NAME`, `TRIGGER_GROUP`) ON DELETE RESTRICT ON UPDATE RESTRICT
) ENGINE = InnoDB CHARACTER SET = utf8 COLLATE = utf8_general_ci ROW_FORMAT = Dynamic;

-- ----------------------------
-- Records of qrtz_blob_triggers
-- ----------------------------

-- ----------------------------
-- Table structure for qrtz_calendars
-- ----------------------------
DROP TABLE IF EXISTS `qrtz_calendars`;
CREATE TABLE `qrtz_calendars`  (
  `SCHED_NAME` varchar(120) CHARACTER SET utf8 COLLATE utf8_general_ci NOT NULL,
  `CALENDAR_NAME` varchar(190) CHARACTER SET utf8 COLLATE utf8_general_ci NOT NULL,
  `CALENDAR` blob NOT NULL,
  PRIMARY KEY (`SCHED_NAME`, `CALENDAR_NAME`) USING BTREE
) ENGINE = InnoDB CHARACTER SET = utf8 COLLATE = utf8_general_ci ROW_FORMAT = Dynamic;

-- ----------------------------
-- Records of qrtz_calendars
-- ----------------------------

-- ----------------------------
-- Table structure for qrtz_cron_triggers
-- ----------------------------
DROP TABLE IF EXISTS `qrtz_cron_triggers`;
CREATE TABLE `qrtz_cron_triggers`  (
  `SCHED_NAME` varchar(120) CHARACTER SET utf8 COLLATE utf8_general_ci NOT NULL,
  `TRIGGER_NAME` varchar(190) CHARACTER SET utf8 COLLATE utf8_general_ci NOT NULL,
  `TRIGGER_GROUP` varchar(190) CHARACTER SET utf8 COLLATE utf8_general_ci NOT NULL,
  `CRON_EXPRESSION` varchar(120) CHARACTER SET utf8 COLLATE utf8_general_ci NOT NULL,
  `TIME_ZONE_ID` varchar(80) CHARACTER SET utf8 COLLATE utf8_general_ci NULL DEFAULT NULL,
  PRIMARY KEY (`SCHED_NAME`, `TRIGGER_NAME`, `TRIGGER_GROUP`) USING BTREE,
  CONSTRAINT `qrtz_cron_triggers_ibfk_1` FOREIGN KEY (`SCHED_NAME`, `TRIGGER_NAME`, `TRIGGER_GROUP`) REFERENCES `qrtz_triggers` (`SCHED_NAME`, `TRIGGER_NAME`, `TRIGGER_GROUP`) ON DELETE RESTRICT ON UPDATE RESTRICT
) ENGINE = InnoDB CHARACTER SET = utf8 COLLATE = utf8_general_ci ROW_FORMAT = Dynamic;

-- ----------------------------
-- Records of qrtz_cron_triggers
-- ----------------------------

-- ----------------------------
-- Table structure for qrtz_fired_triggers
-- ----------------------------
DROP TABLE IF EXISTS `qrtz_fired_triggers`;
CREATE TABLE `qrtz_fired_triggers`  (
  `SCHED_NAME` varchar(120) CHARACTER SET utf8 COLLATE utf8_general_ci NOT NULL,
  `ENTRY_ID` varchar(95) CHARACTER SET utf8 COLLATE utf8_general_ci NOT NULL,
  `TRIGGER_NAME` varchar(190) CHARACTER SET utf8 COLLATE utf8_general_ci NOT NULL,
  `TRIGGER_GROUP` varchar(190) CHARACTER SET utf8 COLLATE utf8_general_ci NOT NULL,
  `INSTANCE_NAME` varchar(190) CHARACTER SET utf8 COLLATE utf8_general_ci NOT NULL,
  `FIRED_TIME` bigint NOT NULL,
  `SCHED_TIME` bigint NOT NULL,
  `PRIORITY` int NOT NULL,
  `STATE` varchar(16) CHARACTER SET utf8 COLLATE utf8_general_ci NOT NULL,
  `JOB_NAME` varchar(190) CHARACTER SET utf8 COLLATE utf8_general_ci NULL DEFAULT NULL,
  `JOB_GROUP` varchar(190) CHARACTER SET utf8 COLLATE utf8_general_ci NULL DEFAULT NULL,
  `IS_NONCONCURRENT` varchar(1) CHARACTER SET utf8 COLLATE utf8_general_ci NULL DEFAULT NULL,
  `REQUESTS_RECOVERY` varchar(1) CHARACTER SET utf8 COLLATE utf8_general_ci NULL DEFAULT NULL,
  PRIMARY KEY (`SCHED_NAME`, `ENTRY_ID`) USING BTREE,
  INDEX `IDX_QRTZ_FT_TRIG_INST_NAME`(`SCHED_NAME`, `INSTANCE_NAME`) USING BTREE,
  INDEX `IDX_QRTZ_FT_INST_JOB_REQ_RCVRY`(`SCHED_NAME`, `INSTANCE_NAME`, `REQUESTS_RECOVERY`) USING BTREE,
  INDEX `IDX_QRTZ_FT_J_G`(`SCHED_NAME`, `JOB_NAME`, `JOB_GROUP`) USING BTREE,
  INDEX `IDX_QRTZ_FT_JG`(`SCHED_NAME`, `JOB_GROUP`) USING BTREE,
  INDEX `IDX_QRTZ_FT_T_G`(`SCHED_NAME`, `TRIGGER_NAME`, `TRIGGER_GROUP`) USING BTREE,
  INDEX `IDX_QRTZ_FT_TG`(`SCHED_NAME`, `TRIGGER_GROUP`) USING BTREE
) ENGINE = InnoDB CHARACTER SET = utf8 COLLATE = utf8_general_ci ROW_FORMAT = Dynamic;

-- ----------------------------
-- Records of qrtz_fired_triggers
-- ----------------------------

-- ----------------------------
-- Table structure for qrtz_job_details
-- ----------------------------
DROP TABLE IF EXISTS `qrtz_job_details`;
CREATE TABLE `qrtz_job_details`  (
  `SCHED_NAME` varchar(120) CHARACTER SET utf8 COLLATE utf8_general_ci NOT NULL,
  `JOB_NAME` varchar(190) CHARACTER SET utf8 COLLATE utf8_general_ci NOT NULL,
  `JOB_GROUP` varchar(190) CHARACTER SET utf8 COLLATE utf8_general_ci NOT NULL,
  `DESCRIPTION` varchar(250) CHARACTER SET utf8 COLLATE utf8_general_ci NULL DEFAULT NULL,
  `JOB_CLASS_NAME` varchar(250) CHARACTER SET utf8 COLLATE utf8_general_ci NOT NULL,
  `IS_DURABLE` varchar(1) CHARACTER SET utf8 COLLATE utf8_general_ci NOT NULL,
  `IS_NONCONCURRENT` varchar(1) CHARACTER SET utf8 COLLATE utf8_general_ci NOT NULL,
  `IS_UPDATE_DATA` varchar(1) CHARACTER SET utf8 COLLATE utf8_general_ci NOT NULL,
  `REQUESTS_RECOVERY` varchar(1) CHARACTER SET utf8 COLLATE utf8_general_ci NOT NULL,
  `JOB_DATA` blob NULL,
  PRIMARY KEY (`SCHED_NAME`, `JOB_NAME`, `JOB_GROUP`) USING BTREE,
  INDEX `IDX_QRTZ_J_REQ_RECOVERY`(`SCHED_NAME`, `REQUESTS_RECOVERY`) USING BTREE,
  INDEX `IDX_QRTZ_J_GRP`(`SCHED_NAME`, `JOB_GROUP`) USING BTREE
) ENGINE = InnoDB CHARACTER SET = utf8 COLLATE = utf8_general_ci ROW_FORMAT = Dynamic;

-- ----------------------------
-- Records of qrtz_job_details
-- ----------------------------

-- ----------------------------
-- Table structure for qrtz_locks
-- ----------------------------
DROP TABLE IF EXISTS `qrtz_locks`;
CREATE TABLE `qrtz_locks`  (
  `SCHED_NAME` varchar(120) CHARACTER SET utf8 COLLATE utf8_general_ci NOT NULL,
  `LOCK_NAME` varchar(40) CHARACTER SET utf8 COLLATE utf8_general_ci NOT NULL,
  PRIMARY KEY (`SCHED_NAME`, `LOCK_NAME`) USING BTREE
) ENGINE = InnoDB CHARACTER SET = utf8 COLLATE = utf8_general_ci ROW_FORMAT = Dynamic;

-- ----------------------------
-- Records of qrtz_locks
-- ----------------------------
INSERT INTO `qrtz_locks` VALUES ('quartzScheduler', 'TRIGGER_ACCESS');

-- ----------------------------
-- Table structure for qrtz_paused_trigger_grps
-- ----------------------------
DROP TABLE IF EXISTS `qrtz_paused_trigger_grps`;
CREATE TABLE `qrtz_paused_trigger_grps`  (
  `SCHED_NAME` varchar(120) CHARACTER SET utf8 COLLATE utf8_general_ci NOT NULL,
  `TRIGGER_GROUP` varchar(190) CHARACTER SET utf8 COLLATE utf8_general_ci NOT NULL,
  PRIMARY KEY (`SCHED_NAME`, `TRIGGER_GROUP`) USING BTREE
) ENGINE = InnoDB CHARACTER SET = utf8 COLLATE = utf8_general_ci ROW_FORMAT = Dynamic;

-- ----------------------------
-- Records of qrtz_paused_trigger_grps
-- ----------------------------

-- ----------------------------
-- Table structure for qrtz_scheduler_state
-- ----------------------------
DROP TABLE IF EXISTS `qrtz_scheduler_state`;
CREATE TABLE `qrtz_scheduler_state`  (
  `SCHED_NAME` varchar(120) CHARACTER SET utf8 COLLATE utf8_general_ci NOT NULL,
  `INSTANCE_NAME` varchar(190) CHARACTER SET utf8 COLLATE utf8_general_ci NOT NULL,
  `LAST_CHECKIN_TIME` bigint NOT NULL,
  `CHECKIN_INTERVAL` bigint NOT NULL,
  PRIMARY KEY (`SCHED_NAME`, `INSTANCE_NAME`) USING BTREE
) ENGINE = InnoDB CHARACTER SET = utf8 COLLATE = utf8_general_ci ROW_FORMAT = Dynamic;

-- ----------------------------
-- Records of qrtz_scheduler_state
-- ----------------------------

-- ----------------------------
-- Table structure for qrtz_simple_triggers
-- ----------------------------
DROP TABLE IF EXISTS `qrtz_simple_triggers`;
CREATE TABLE `qrtz_simple_triggers`  (
  `SCHED_NAME` varchar(120) CHARACTER SET utf8 COLLATE utf8_general_ci NOT NULL,
  `TRIGGER_NAME` varchar(190) CHARACTER SET utf8 COLLATE utf8_general_ci NOT NULL,
  `TRIGGER_GROUP` varchar(190) CHARACTER SET utf8 COLLATE utf8_general_ci NOT NULL,
  `REPEAT_COUNT` bigint NOT NULL,
  `REPEAT_INTERVAL` bigint NOT NULL,
  `TIMES_TRIGGERED` bigint NOT NULL,
  PRIMARY KEY (`SCHED_NAME`, `TRIGGER_NAME`, `TRIGGER_GROUP`) USING BTREE,
  CONSTRAINT `qrtz_simple_triggers_ibfk_1` FOREIGN KEY (`SCHED_NAME`, `TRIGGER_NAME`, `TRIGGER_GROUP`) REFERENCES `qrtz_triggers` (`SCHED_NAME`, `TRIGGER_NAME`, `TRIGGER_GROUP`) ON DELETE RESTRICT ON UPDATE RESTRICT
) ENGINE = InnoDB CHARACTER SET = utf8 COLLATE = utf8_general_ci ROW_FORMAT = Dynamic;

-- ----------------------------
-- Records of qrtz_simple_triggers
-- ----------------------------

-- ----------------------------
-- Table structure for qrtz_simprop_triggers
-- ----------------------------
DROP TABLE IF EXISTS `qrtz_simprop_triggers`;
CREATE TABLE `qrtz_simprop_triggers`  (
  `SCHED_NAME` varchar(120) CHARACTER SET utf8 COLLATE utf8_general_ci NOT NULL,
  `TRIGGER_NAME` varchar(190) CHARACTER SET utf8 COLLATE utf8_general_ci NOT NULL,
  `TRIGGER_GROUP` varchar(190) CHARACTER SET utf8 COLLATE utf8_general_ci NOT NULL,
  `STR_PROP_1` varchar(512) CHARACTER SET utf8 COLLATE utf8_general_ci NULL DEFAULT NULL,
  `STR_PROP_2` varchar(512) CHARACTER SET utf8 COLLATE utf8_general_ci NULL DEFAULT NULL,
  `STR_PROP_3` varchar(512) CHARACTER SET utf8 COLLATE utf8_general_ci NULL DEFAULT NULL,
  `INT_PROP_1` int NULL DEFAULT NULL,
  `INT_PROP_2` int NULL DEFAULT NULL,
  `LONG_PROP_1` bigint NULL DEFAULT NULL,
  `LONG_PROP_2` bigint NULL DEFAULT NULL,
  `DEC_PROP_1` decimal(13, 4) NULL DEFAULT NULL,
  `DEC_PROP_2` decimal(13, 4) NULL DEFAULT NULL,
  `BOOL_PROP_1` varchar(1) CHARACTER SET utf8 COLLATE utf8_general_ci NULL DEFAULT NULL,
  `BOOL_PROP_2` varchar(1) CHARACTER SET utf8 COLLATE utf8_general_ci NULL DEFAULT NULL,
  PRIMARY KEY (`SCHED_NAME`, `TRIGGER_NAME`, `TRIGGER_GROUP`) USING BTREE,
  CONSTRAINT `qrtz_simprop_triggers_ibfk_1` FOREIGN KEY (`SCHED_NAME`, `TRIGGER_NAME`, `TRIGGER_GROUP`) REFERENCES `qrtz_triggers` (`SCHED_NAME`, `TRIGGER_NAME`, `TRIGGER_GROUP`) ON DELETE RESTRICT ON UPDATE RESTRICT
) ENGINE = InnoDB CHARACTER SET = utf8 COLLATE = utf8_general_ci ROW_FORMAT = Dynamic;

-- ----------------------------
-- Records of qrtz_simprop_triggers
-- ----------------------------

-- ----------------------------
-- Table structure for qrtz_triggers
-- ----------------------------
DROP TABLE IF EXISTS `qrtz_triggers`;
CREATE TABLE `qrtz_triggers`  (
  `SCHED_NAME` varchar(120) CHARACTER SET utf8 COLLATE utf8_general_ci NOT NULL,
  `TRIGGER_NAME` varchar(190) CHARACTER SET utf8 COLLATE utf8_general_ci NOT NULL,
  `TRIGGER_GROUP` varchar(190) CHARACTER SET utf8 COLLATE utf8_general_ci NOT NULL,
  `JOB_NAME` varchar(190) CHARACTER SET utf8 COLLATE utf8_general_ci NOT NULL,
  `JOB_GROUP` varchar(190) CHARACTER SET utf8 COLLATE utf8_general_ci NOT NULL,
  `DESCRIPTION` varchar(250) CHARACTER SET utf8 COLLATE utf8_general_ci NULL DEFAULT NULL,
  `NEXT_FIRE_TIME` bigint NULL DEFAULT NULL,
  `PREV_FIRE_TIME` bigint NULL DEFAULT NULL,
  `PRIORITY` int NULL DEFAULT NULL,
  `TRIGGER_STATE` varchar(16) CHARACTER SET utf8 COLLATE utf8_general_ci NOT NULL,
  `TRIGGER_TYPE` varchar(8) CHARACTER SET utf8 COLLATE utf8_general_ci NOT NULL,
  `START_TIME` bigint NOT NULL,
  `END_TIME` bigint NULL DEFAULT NULL,
  `CALENDAR_NAME` varchar(190) CHARACTER SET utf8 COLLATE utf8_general_ci NULL DEFAULT NULL,
  `MISFIRE_INSTR` smallint NULL DEFAULT NULL,
  `JOB_DATA` blob NULL,
  PRIMARY KEY (`SCHED_NAME`, `TRIGGER_NAME`, `TRIGGER_GROUP`) USING BTREE,
  INDEX `IDX_QRTZ_T_J`(`SCHED_NAME`, `JOB_NAME`, `JOB_GROUP`) USING BTREE,
  INDEX `IDX_QRTZ_T_JG`(`SCHED_NAME`, `JOB_GROUP`) USING BTREE,
  INDEX `IDX_QRTZ_T_C`(`SCHED_NAME`, `CALENDAR_NAME`) USING BTREE,
  INDEX `IDX_QRTZ_T_G`(`SCHED_NAME`, `TRIGGER_GROUP`) USING BTREE,
  INDEX `IDX_QRTZ_T_STATE`(`SCHED_NAME`, `TRIGGER_STATE`) USING BTREE,
  INDEX `IDX_QRTZ_T_N_STATE`(`SCHED_NAME`, `TRIGGER_NAME`, `TRIGGER_GROUP`, `TRIGGER_STATE`) USING BTREE,
  INDEX `IDX_QRTZ_T_N_G_STATE`(`SCHED_NAME`, `TRIGGER_GROUP`, `TRIGGER_STATE`) USING BTREE,
  INDEX `IDX_QRTZ_T_NEXT_FIRE_TIME`(`SCHED_NAME`, `NEXT_FIRE_TIME`) USING BTREE,
  INDEX `IDX_QRTZ_T_NFT_ST`(`SCHED_NAME`, `TRIGGER_STATE`, `NEXT_FIRE_TIME`) USING BTREE,
  INDEX `IDX_QRTZ_T_NFT_MISFIRE`(`SCHED_NAME`, `MISFIRE_INSTR`, `NEXT_FIRE_TIME`) USING BTREE,
  INDEX `IDX_QRTZ_T_NFT_ST_MISFIRE`(`SCHED_NAME`, `MISFIRE_INSTR`, `NEXT_FIRE_TIME`, `TRIGGER_STATE`) USING BTREE,
  INDEX `IDX_QRTZ_T_NFT_ST_MISFIRE_GRP`(`SCHED_NAME`, `MISFIRE_INSTR`, `NEXT_FIRE_TIME`, `TRIGGER_GROUP`, `TRIGGER_STATE`) USING BTREE,
  CONSTRAINT `qrtz_triggers_ibfk_1` FOREIGN KEY (`SCHED_NAME`, `JOB_NAME`, `JOB_GROUP`) REFERENCES `qrtz_job_details` (`SCHED_NAME`, `JOB_NAME`, `JOB_GROUP`) ON DELETE RESTRICT ON UPDATE RESTRICT
) ENGINE = InnoDB CHARACTER SET = utf8 COLLATE = utf8_general_ci ROW_FORMAT = Dynamic;

-- ----------------------------
-- Records of qrtz_triggers
-- ----------------------------

-- ----------------------------
-- Table structure for sys_job_log
-- ----------------------------
DROP TABLE IF EXISTS `sys_job_log`;
CREATE TABLE `sys_job_log`  (
  `job_log_id` bigint NOT NULL AUTO_INCREMENT COMMENT '任务日志ID',
  `job_name` varchar(64) CHARACTER SET utf8 COLLATE utf8_general_ci NOT NULL COMMENT '任务名称',
  `job_group` varchar(64) CHARACTER SET utf8 COLLATE utf8_general_ci NOT NULL COMMENT '任务组名',
  `invoke_target` varchar(500) CHARACTER SET utf8 COLLATE utf8_general_ci NOT NULL COMMENT '调用目标字符串',
  `job_message` varchar(500) CHARACTER SET utf8 COLLATE utf8_general_ci NULL DEFAULT NULL COMMENT '日志信息',
  `status` char(1) CHARACTER SET utf8 COLLATE utf8_general_ci NULL DEFAULT '0' COMMENT '执行状态（0正常 1失败）',
  `exception_info` varchar(2000) CHARACTER SET utf8 COLLATE utf8_general_ci NULL DEFAULT '' COMMENT '异常信息',
  `create_time` datetime NULL DEFAULT NULL COMMENT '创建时间',
  PRIMARY KEY (`job_log_id`) USING BTREE
) ENGINE = InnoDB AUTO_INCREMENT = 1905 CHARACTER SET = utf8 COLLATE = utf8_general_ci COMMENT = '定时任务调度日志表' ROW_FORMAT = DYNAMIC;

-- ----------------------------
-- Records of sys_job_log
-- ----------------------------

-- ----------------------------
-- Table structure for sys_logininfor
-- ----------------------------
DROP TABLE IF EXISTS `sys_logininfor`;
CREATE TABLE `sys_logininfor`  (
  `info_id` bigint NOT NULL AUTO_INCREMENT COMMENT '访问ID',
  `login_name` varchar(50) CHARACTER SET utf8 COLLATE utf8_general_ci NULL DEFAULT '' COMMENT '登录账号',
  `ipaddr` varchar(50) CHARACTER SET utf8 COLLATE utf8_general_ci NULL DEFAULT '' COMMENT '登录IP地址',
  `login_location` varchar(255) CHARACTER SET utf8 COLLATE utf8_general_ci NULL DEFAULT '' COMMENT '登录地点',
  `browser` varchar(50) CHARACTER SET utf8 COLLATE utf8_general_ci NULL DEFAULT '' COMMENT '浏览器类型',
  `os` varchar(50) CHARACTER SET utf8 COLLATE utf8_general_ci NULL DEFAULT '' COMMENT '操作系统',
  `status` char(1) CHARACTER SET utf8 COLLATE utf8_general_ci NULL DEFAULT '0' COMMENT '登录状态（0成功 1失败）',
  `msg` varchar(255) CHARACTER SET utf8 COLLATE utf8_general_ci NULL DEFAULT '' COMMENT '提示消息',
  `login_time` datetime NULL DEFAULT NULL COMMENT '访问时间',
  PRIMARY KEY (`info_id`) USING BTREE
) ENGINE = InnoDB AUTO_INCREMENT = 276 CHARACTER SET = utf8 COLLATE = utf8_general_ci COMMENT = '系统访问记录' ROW_FORMAT = DYNAMIC;

-- ----------------------------
-- Records of sys_logininfor
-- ----------------------------
INSERT INTO `sys_logininfor` VALUES (276, 'admin', '/127.0.0.1:63620', '', '', '', '0', '登录成功！', '2021-01-14 16:36:30');

SET FOREIGN_KEY_CHECKS = 1;
